Date_,Year,Month,Date,HFRI EQUITY HEDGE (TOTAL) - TOT RETURN IND,HFRI FUND OF FUNDS COMPOSITE - TOT RETURN IND,HFRI FUND WEIGHTED HEDGE FUND - TOT RETURN IND,MSCI EM - TOT RETURN IND,MSCI EAFE - TOT RETURN IND,RUSSELL 2000 - PRICE INDEX,S&P 500 COMPOSITE - TOT RETURN IND,BARCLAYS US TREASURY BELLWETHERS 2Y - TOTAL RETURN MTD,BARCLAYS US TREASURY BELLWETHERS 10Y - TOTAL RETURN MTD,Barclay Currency Traders Index - TOT RETURN IND
19960131,1996,1,31,0.0106009,0.0272959,0.0288979,0.0761825,0.0370515,-0.00186727,0.0340387,0.0087,0.0042,0.0509392
19960229,1996,2,29,0.0281993,-0.00619934,0.0122996,-0.00633455,-0.0104102,0.0302809,0.0092674,-0.0051,-0.0356,-0.0366556
19960329,1996,3,29,0.0190009,0.00990236,0.0146028,0.0111686,0.0275365,0.0179731,0.00962993,-0.0015,-0.0109,-0.00345912
19960430,1996,4,30,0.0534002,0.0308984,0.0395975,0.051867,0.0345596,0.0529371,0.0147385,0.0002,-0.0169,0.0451246
19960531,1996,5,31,0.0369992,0.015402,0.0305006,0.00122193,-0.0116978,0.0389629,0.0257897,0.0018,-0.006,-0.013587
19960628,1996,6,28,-0.00730012,0.00379662,0.0018001,0.0094232,0.00996927,-0.0420893,0.00382185,0.0075,0.0151,-0.003367
19960731,1996,7,31,-0.0286996,-0.0186994,-0.020799,-0.062384,-0.0487693,-0.0883388,-0.0441853,0.0036,0.0001,-0.00952088
19960830,1996,8,30,0.0263006,0.0153025,0.0228,0.0261938,0.00854771,0.0565823,0.0210923,0.0035,-0.0046,-0.0142636
19960930,1996,9,30,0.0217997,0.0124973,0.0206983,0.0137501,0.0464833,0.0374686,0.0562945,0.0089,0.0224,0.00912237
19961031,1996,10,31,0.0155992,0.0159003,0.00979973,-0.0143857,-0.0118613,-0.0168019,0.027576,0.0118,0.0286,0.0405237
19961129,1996,11,29,0.0166023,0.0234023,0.0208,0.0167731,0.0402596,0.0397569,0.0755824,0.0076,0.0279,0.00419413
19961231,1996,12,31,0.00829919,0.00679997,0.0133019,0.0103131,-0.00661726,0.0240038,-0.0198072,0.0001,-0.0211,0
19970131,1997,1,31,0.0277995,0.0354993,0.0317002,0.0686185,0.0147206,0.0188632,0.0624705,0.0047,-0.001,0.0450477
19970228,1997,2,28,-0.00239961,0.016801,0.0103,0.0461948,0.0242191,-0.0254432,0.00783772,0.002,-0.0007,0.0199829
19970331,1997,3,31,-0.00729992,-0.0082029,-0.0164018,-0.0248608,0.00480533,-0.0485766,-0.0410893,-0.0008,-0.021,-0.00895606
19970430,1997,4,30,-0.00270034,0.00369996,-0.00109906,0.00989974,0.0298768,0.00128445,0.0597,0.0083,0.0204,0.0093194
19970530,1997,5,30,0.0503985,0.0182035,0.0438011,0.030397,0.0293682,0.1100875,0.0608852,0.0068,0.011,-0.0221041
19970630,1997,6,30,0.0197013,0.0249989,0.0269993,0.060184,0.0541856,0.040997,0.0448044,0.0071,0.0166,0.00658083
19970731,1997,7,31,0.0504999,0.0464015,0.0386999,0.0432583,0.0519669,0.0456896,0.0795682,0.0119,0.0411,0.0372371
19970829,1997,8,29,0.0134995,-0.00320019,0.00340047,-0.1075483,-0.0728117,0.0215933,-0.056023,0.0006,-0.0205,-0.00739929
19970930,1997,9,30,0.0568997,0.0277978,0.0371986,0.0434521,0.0512531,0.071771,0.0547614,0.0073,0.0217,-0.00690226
19971031,1997,10,31,0.00390134,-0.0143986,-0.0153007,-0.1371636,-0.0941776,-0.0453043,-0.0333925,0.008,0.0262,0.000834028
19971128,1997,11,28,-0.00930085,-0.00510112,-0.00929994,-0.0166394,0.0175901,-0.007709,0.0462881,0.0014,0.0026,0.0236111
19971231,1997,12,31,0.0142002,0.0104996,0.00880022,0.0572189,0.0318917,0.0165147,0.0171745,0.0069,0.0127,0.0127544
19980130,1998,1,30,-0.00160079,-0.00960055,-0.00709867,-0.0522391,0.0476543,-0.0159489,0.0110639,0.0101,0.0205,-0.00133976
19980227,1998,2,27,0.0409004,0.0190014,0.0327001,0.0823786,0.0570237,0.0738984,0.0721221,0.0004,-0.0074,-0.0217333
19980331,1998,3,31,0.0453992,0.0401011,0.029999,0.0468295,0.0511926,0.0408159,0.051211,0.0041,0.001,0.0307186
19980430,1998,4,30,0.0139018,0.00909708,0.00960029,-0.00821329,-0.00691519,0.00459765,0.0100608,0.0045,0.0043,-0.0122406
19980529,1998,5,29,-0.0127002,-0.0092995,-0.0207993,-0.1190271,0.00940527,-0.0544016,-0.0171919,0.005,0.0109,0.0290948
19980630,1998,6,30,0.00499914,-0.00550043,-0.00130043,-0.0753572,0.0113707,0.0016863,0.040621,0.0052,0.0128,0.013089
19980731,1998,7,31,-0.00669908,-0.00209827,-0.0078997,0.0306937,0.0158209,-0.082293,-0.0106484,0.0045,0.0004,-0.000516796
19980831,1998,8,31,-0.0765002,-0.0747018,-0.0869993,-0.2656009,-0.1347818,-0.1948779,-0.1445798,0.0144,0.0394,0.00336091
19980930,1998,9,30,0.0315998,-0.0255001,0.00689973,0.0613447,-0.0659535,0.0758692,0.0640621,0.0139,0.0507,0.00798763
19981030,1998,10,30,0.0247004,-0.0195982,0.0121977,0.0812902,0.0634772,0.0400726,0.0813414,0.005,-0.0102,0.0309305
19981130,1998,11,30,0.0383988,0.0143988,0.0371022,0.0814871,0.0793244,0.0518035,0.0606134,-0.0028,-0.017,-0.0116539
19981231,1998,12,31,0.0539007,0.0160002,0.0278997,-0.0141181,0.0125154,0.0608674,0.0576243,0.0032,-0.017,-0.010286
19990129,1999,1,29,0.0497998,0.0141026,0.0223998,0.0488611,0.0215245,0.0124656,0.0418141,0.0024,-0.017,0.00253485
19990226,1999,2,26,-0.0240993,-0.00220319,-0.0132007,0.0217736,0.00332603,-0.0818314,-0.0310776,-0.0059,-0.0426,0.0232617
19990331,1999,3,31,0.040499,0.0208024,0.0313993,0.1112613,0.0473595,0.0136899,0.0400055,0.007,0.0069,0.00963677
19990430,1999,4,30,0.0525006,0.0325996,0.0450011,0.1115501,0.0521933,0.0884742,0.038729,0.0022,-0.0043,0.0188448
19990531,1999,5,31,0.0121992,0.00840086,0.00719902,0.00727162,-0.0389892,0.0135625,-0.0236175,-0.0017,-0.0208,-0.00720634
19990630,1999,6,30,0.0380014,0.0283984,0.0363004,0.1030822,0.0464004,0.043289,0.0554974,0.0029,-0.0089,-0.00992015
19990730,1999,7,30,0.00609855,0.00729914,0.00519939,-0.0190125,-0.00671798,-0.0281862,-0.0312237,0.0026,-0.0028,-0.0127077
19990831,1999,8,31,0.000400443,0.00110171,-9.89745E-05,0.0155633,0.000693482,-0.0380871,-0.0049445,0.0027,-0.0051,0.0108911
19990930,1999,9,30,0.00349994,-0.00120117,0.00159881,-0.0237465,-0.00741887,-0.00123881,-0.0274156,0.0066,0.0111,-0.00122429
19991029,1999,10,29,0.023301,0.0127005,0.0160013,0.0223006,0.0389946,0.00313597,0.0632818,0.0014,-0.0038,-0.0142192
19991130,1999,11,30,0.0675993,0.0491008,0.0505994,0.0889367,0.0549994,0.0593505,0.0203267,0.0011,-0.0064,0.017906
19991231,1999,12,31,0.1087997,0.0684996,0.0764995,0.1143886,0.0894167,0.1115883,0.0588956,0.0009,-0.0139,-0.00610799
20000131,2000,1,31,0.00250002,0.0154009,0.00639995,0.00826338,-0.0400558,-0.0168796,-0.0502424,-0.001,-0.0102,0.00245821
20000229,2000,2,29,0.1000006,0.0520996,0.0616009,0.0132042,0.0479224,0.1641779,-0.0189287,0.006,0.0142,-0.00122609
20000331,2000,3,31,0.0173001,0.00229857,0.00929949,0.00224074,0.0198718,-0.066834,0.0978285,0.0057,0.0345,-0.00957525
20000428,2000,4,28,-0.0419001,-0.033699,-0.0284997,-0.0778609,-0.01278,-0.0609175,-0.0300857,0.0013,-0.01,0.00198314
20000531,2000,5,31,-0.0244002,-0.0157992,-0.0196,-0.029282,-0.0227724,-0.0593778,-0.0205181,0.0048,0.0008,0.000989609
20000630,2000,6,30,0.0484994,0.0281999,0.0367998,0.0313333,0.0139736,0.0861841,0.0246538,0.0105,0.0238,-0.00914483
20000731,2000,7,31,-0.0157993,-0.00220195,-0.00599959,-0.0485215,-0.0139258,-0.0320747,-0.0156347,0.0057,0.0045,-0.00473934
20000831,2000,8,31,0.0535002,0.020002,0.0380996,0.00848174,0.0275526,0.0744048,0.0621139,0.0067,0.0157,0.0047619
20000929,2000,9,29,-0.0108005,-0.0116021,-0.0123994,-0.0762534,-0.043442,-0.0307126,-0.0527934,0.0075,-0.0005,0.00124719
20001031,2000,10,31,-0.0201006,-0.0100987,-0.0179013,-0.0513281,0.0024866,-0.0454188,-0.0042291,0.0056,0.0079,0.0156951
20001130,2000,11,30,-0.0429999,-0.0153996,-0.0348991,-0.0778789,-0.0413811,-0.1039804,-0.0788352,0.0099,0.0273,-0.000245278
20001229,2000,12,29,0.0316004,0.0138002,0.0207009,0.0192695,-0.00627678,0.0842939,0.00488947,0.012,0.0289,0.0424436
20010131,2001,1,31,0.0288006,0.0192991,0.0338997,0.1383522,0.0138446,0.0513102,0.0354803,0.0131,0.0016,0.00611909
20010228,2001,2,28,-0.0256005,-0.00740031,-0.0221,-0.0677749,-0.0628479,-0.0668254,-0.0911829,0.0059,0.0131,-0.000701754
20010330,2001,3,30,-0.023,-0.00439943,-0.0159006,-0.0777106,-0.0286483,-0.0502561,-0.0633462,0.0068,0.0032,0.0404963
20010430,2001,4,30,0.0227002,0.00689847,0.0195011,0.0474119,0.0629874,0.0772202,0.0777073,0.0019,-0.0263,-0.0103487
20010531,2001,5,31,0.00899953,0.00900054,0.0118982,0.0229751,-0.0219723,0.0230363,0.00670337,0.0057,-0.0007,0.008411
20010629,2001,6,29,-0.00320024,-0.000597942,0.00290097,-0.0169962,-0.0261801,0.0330514,-0.0243414,0.0024,0.0047,-0.00541028
20010731,2001,7,31,-0.0105997,-0.00430028,-0.00830059,-0.0525778,-0.0362774,-0.0548439,-0.00984647,0.0122,0.0315,-0.0210789
20010831,2001,8,31,-0.0122001,0.00179976,-0.00409955,-0.00660888,-0.0577152,-0.0334585,-0.0626002,0.0065,0.0138,0.00787219
20010928,2001,9,28,-0.0373003,-0.0157996,-0.0283,-0.1335751,-0.1040591,-0.1359271,-0.0807514,0.0178,0.0236,-0.00643235
20011031,2001,10,31,0.0185007,0.00929971,0.0201,0.0646179,0.0393343,0.0575493,0.0190676,0.0103,0.0276,-0.00901734
20011130,2001,11,30,0.0196998,0.00359968,0.0207006,0.1012325,0.0451249,0.0761613,0.0767084,-0.0039,-0.0322,-0.0118992
20011231,2001,12,31,0.0199004,0.0106996,0.0171003,0.0948936,0.0167624,0.0601589,0.00876056,0.0001,-0.0178,0.0304604
20020131,2002,1,31,0.00224676,0.00453903,0.00447344,0.0404737,-0.02681,-0.0110542,-0.0145956,0.002,0.0051,-0.00137489
20020228,2002,2,28,-0.00891493,-0.0025698,-0.00704292,0.018704,0.00351503,-0.0284413,-0.019281,0.0054,0.0114,-0.0190454
20020329,2002,3,29,0.0202718,0.00782638,0.0191112,0.0564037,0.0447585,0.0790438,0.0376073,-0.0087,-0.0369,-0.0226901
20020430,2002,4,30,0.00165682,0.0063967,0.00278663,-0.00246966,-0.0207947,0.0083126,-0.0606309,0.0132,0.0298,-0.000478698
20020531,2002,5,31,1.81767E-05,0.00440446,0.00041583,-0.0289092,-0.0140713,-0.0454305,-0.00736393,0.004,0.0078,0.0464559
20020628,2002,6,28,-0.0263119,-0.00875907,-0.0193923,-0.0642952,-0.0794339,-0.050916,-0.0712328,0.0097,0.0207,0.0643021
20020731,2002,7,31,-0.0392963,-0.0133933,-0.0286058,-0.0648275,-0.1008436,-0.1517994,-0.077955,0.0152,0.0316,-0.00709525
20020830,2002,8,30,0.00283695,0.00331135,0.00529941,0.0127584,-0.00161529,-0.0037205,0.00657235,0.0041,0.03,-0.0132092
20020930,2002,9,30,-0.0196133,-0.00445772,-0.0154449,-0.0816178,-0.1087818,-0.0733835,-0.108686,0.0098,0.0468,-0.0030722
20021031,2002,10,31,0.00555712,-0.00201208,0.00590481,0.0483114,0.0550152,0.030999,0.0880193,0.0023,-0.0207,-0.00748404
20021129,2002,11,29,0.0267002,0.00838093,0.0211818,0.0529844,0.0449305,0.0879786,0.0588584,-0.0051,-0.0208,-0.00487913
20021231,2002,12,31,-0.0113509,0.00679106,-0.00209941,-0.0468657,-0.0724769,-0.0572645,-0.0587436,0.0111,0.0355,0.0338756
20030131,2003,1,31,-6.94799E-05,0.00841953,0.00652048,-0.00579163,-0.0547906,-0.0285051,-0.0261977,-0.0002,-0.0084,0.018754
20030228,2003,2,28,-0.00781988,0.00341049,0.000209363,-0.027811,-0.0184469,-0.0313029,-0.0150064,0.0056,0.0264,-0.00211595
20030331,2003,3,31,-0.000649808,-0.000310772,0.00142063,-0.0289289,-0.0229162,0.0111506,0.00971307,0.0022,-0.0069,0.000424088
20030430,2003,4,30,0.0243193,0.0121491,0.0263591,0.0495115,0.0859077,0.0936523,0.0823686,0.0021,0.0001,0.018652
20030530,2003,5,30,0.0407905,0.0208106,0.0357597,0.0820589,0.0287172,0.1061503,0.0526825,0.0052,0.0459,0.0380774
20030630,2003,6,30,0.0151897,0.00667077,0.0134606,0.0431879,0.0348317,0.016712,0.0127612,0.0019,-0.0118,-0.00741632
20030731,2003,7,31,0.0241398,0.00225912,0.0130401,0.0627896,0.0428351,0.0616678,0.0176306,-0.0071,-0.0707,-0.0272617
20030829,2003,8,29,0.0238102,0.00834177,0.0183006,0.0671364,0.0322786,0.0449561,0.0195004,-0.0001,0.0109,-0.00747353
20030930,2003,9,30,0.00783045,0.0117684,0.0116296,-0.0106593,-0.0205117,-0.019581,-0.0106203,0.0114,0.0457,0.0167329
20031031,2003,10,31,0.0311699,0.0153419,0.0244792,0.0894389,0.0519538,0.0831283,0.0565743,-0.0046,-0.0247,0.0144003
20031128,2003,11,28,0.0113494,0.00620897,0.0105504,0.00966042,0.00260939,0.0346257,0.00879879,-0.0011,0.0037,0.0107483
20031231,2003,12,31,0.01928,0.0154602,0.0187404,0.0692801,0.0363952,0.0190298,0.0524425,0.0066,0.008,0.0337079
20040130,2004,1,30,0.0195002,0.0158594,0.0197596,0.0377225,0.0144988,0.0428256,0.0183556,0.0026,0.0137,0.0130047
20040227,2004,2,27,0.0111004,0.0109592,0.0118802,0.0384847,0.0248539,0.00826503,0.0138982,0.0059,0.0168,0.00421537
20040331,2004,3,31,0.00358984,0.00451066,0.00506034,-0.00156965,0.00147562,0.00811189,-0.0150862,0.0034,0.0153,-0.0108758
20040430,2004,4,30,-0.0207797,-0.00877905,-0.0148204,-0.0578133,0.0142492,-0.0516847,-0.015699,-0.0111,-0.0483,-0.0158179
20040531,2004,5,31,-0.00191041,-0.00873021,-0.00306014,-0.0234065,-0.0127672,0.0151483,0.0137211,-0.0016,-0.0066,-0.0119561
20040630,2004,6,30,0.0106498,0.00241901,0.00752064,-0.00212434,0.0250026,0.0408953,0.0194498,-0.0005,0.0065,-0.0113073
20040730,2004,7,30,-0.0188196,-0.00574815,-0.00961995,-0.0156554,-0.0230199,-0.0680112,-0.0331004,0.0038,0.015,-0.00662119
20040831,2004,8,31,-0.00367006,-0.000140703,0.00115003,0.0461975,-0.00104816,-0.0060948,0.00404741,0.0078,0.0308,-0.0113108
20040930,2004,9,30,0.0198699,0.00887055,0.0164894,0.0476809,0.0146318,0.0456445,0.0108294,-0.001,0.0039,0.0020429
20041029,2004,10,29,0.00474989,0.00781865,0.00842036,0.00711218,0.00864012,0.0189374,0.0152779,0.0036,0.0109,0.0203874
20041130,2004,11,30,0.0337004,0.0254687,0.0283996,0.05175,0.0259429,0.085613,0.0404627,-0.0058,-0.0223,0.040959
20041231,2004,12,31,0.0176092,0.0146414,0.0164706,0.0313835,0.0327182,0.0280859,0.034028,0.0021,0.0148,0.0122841
20050131,2005,1,31,-0.00581935,-4.03805E-05,-0.00204998,0.0106637,0.00808992,-0.0422825,-0.0243783,-0.001,0.0104,-0.0269245
20050228,2005,2,28,0.0212801,0.0135898,0.0183403,0.0710294,0.0290766,0.0160892,0.021046,-0.0029,-0.0151,0
20050331,2005,3,31,-0.0105303,-0.00550974,-0.00866076,-0.0468957,-0.00295418,-0.0299498,-0.0177058,-0.0004,-0.0072,-0.00526111
20050429,2005,4,29,-0.0223198,-0.0141393,-0.0149501,-0.0361381,-0.0271886,-0.0580259,-0.0189677,0.0058,0.0275,-0.00528893
20050531,2005,5,31,0.0155198,0.00236884,0.01043,0.0446189,0.041604,0.0644309,0.0318207,0.0041,0.0173,0.0151635
20050630,2005,6,30,0.0195999,0.0136095,0.0159202,0.0382237,0.0344812,0.0372136,0.00141939,0.0016,0.0081,0.0168768
20050729,2005,7,29,0.0294901,0.0173722,0.0229695,0.06797,0.0367361,0.0626739,0.0371879,-0.0035,-0.0233,-0.000572301
20050831,2005,8,31,0.00740965,0.00839905,0.0082005,0.0138352,0.0123915,-0.0194777,-0.00912297,0.0065,0.0227,-0.0143157
20050930,2005,9,30,0.0225306,0.0154496,0.0192795,0.0869831,0.0623784,0.00193545,0.00809494,-0.0032,-0.0214,0.000387297
20051031,2005,10,31,-0.0187305,-0.014449,-0.0140692,-0.0548571,-0.0190942,-0.0317311,-0.0166709,-0.0003,-0.0144,0.00522648
20051130,2005,11,30,0.0213502,0.0168286,0.0166294,0.0735016,0.045309,0.0474475,0.0378224,0.0029,0.0053,0.0150202
20051230,2005,12,30,0.0231601,0.0197997,0.0182302,0.0545659,0.0450399,-0.00600924,0.00034971,0.004,0.0123,-0.0115728
20060131,2006,1,31,0.0395203,0.0287715,0.0348595,0.0815659,0.0353003,0.0890942,0.0264786,0.0012,-0.0068,-0.000767754
20060228,2006,2,28,0.000199998,0.00350982,0.00451058,-0.000298723,0.00854149,-0.00349154,0.00271424,0.0005,-0.0015,-0.00749136
20060331,2006,3,31,0.0254602,0.0170297,0.0195102,0.014312,0.0368786,0.0472189,0.0124486,0.001,-0.0201,-0.00522547
20060428,2006,4,28,0.0175992,0.0176411,0.0186701,0.0528014,0.00612092,-0.00078417,0.0134239,0.0029,-0.0123,0.00642023
20060531,2006,5,31,-0.02323,-0.0190704,-0.0156,-0.0783462,-0.0565426,-0.0569362,-0.0287794,0.0009,-0.0012,0.00289967
20060630,2006,6,30,-0.00534996,-0.00602148,-0.00235011,0.000864998,0.0111551,0.00507621,0.00135302,0.0015,0.0025,-0.00867386
20060731,2006,7,31,-0.00541939,-0.00207871,-0.00177016,0.011187,0.00721092,-0.0332703,0.00616803,0.0075,0.016,-0.00388878
20060831,2006,8,31,0.0102999,0.00776039,0.0101003,0.0288708,0.0285143,0.0285058,0.0237982,0.0072,0.0217,0.00448956
20060929,2006,9,29,0.00158003,-0.000341688,0.00176011,0.0143978,0.0144032,0.00702261,0.0257682,0.005,0.0115,-0.00874466
20061031,2006,10,31,0.0186297,0.0169003,0.0176799,0.0351051,0.0261392,0.0568503,0.0325835,0.0035,0.006,-0.00058812
20061130,2006,11,30,0.02,0.0185802,0.0207001,0.0654818,0.000503556,0.0251421,0.0190202,0.0051,0.0142,0.0158886
20061229,2006,12,29,0.0134597,0.01762,0.0148189,0.039587,0.043041,0.00195899,0.0140267,0.0002,-0.0155,0.00482719
20070131,2007,1,31,0.0115746,0.0129812,0.0110198,-0.00265611,0.0185761,0.0160983,0.0151226,0.002,-0.0051,0.00461184
20070228,2007,2,28,0.00627024,0.00817105,0.00681007,-0.00666843,-0.00509576,-0.00879626,-0.0195612,0.0087,0.0235,-0.0051645
20070330,2007,3,30,0.0100882,0.0101276,0.00955148,0.0329525,0.0204578,0.00934073,0.0111868,0.0042,-0.0035,-0.0013459
20070430,2007,4,30,0.0185794,0.0169048,0.0177496,0.0343737,0.0298835,0.0173096,0.044293,0.0029,0.0052,0.00808625
20070531,2007,5,31,0.0223753,0.0209858,0.0199323,0.0403688,0.0333128,0.0400334,0.0348977,-0.0022,-0.0172,-0.00152788
20070629,2007,6,29,0.00888082,0.00679354,0.00730424,0.0466171,-0.00223355,-0.0159116,-0.0166123,0.0046,-0.007,0.006886
20070731,2007,7,31,0.00167294,0.00334693,0.000794592,0.0485472,-0.0323745,-0.0690656,-0.0310061,0.0094,0.0247,-0.00265957
20070831,2007,8,31,-0.0166739,-0.0217667,-0.0153209,-0.00924044,-0.0143078,0.0215688,0.0149884,0.0108,0.0209,-0.000761905
20070928,2007,9,28,0.0317634,0.0215645,0.0269431,0.0839906,0.0225871,0.0158792,0.0374004,0.0066,0.001,0.0080061
20071031,2007,10,31,0.0309285,0.0306623,0.0284761,0.0896032,0.0242536,0.0280216,0.0159071,0.004,0.0122,0.0102118
20071130,2007,11,30,-0.0289022,-0.0150295,-0.0219923,-0.0615321,-0.0408847,-0.0727639,-0.0418085,0.0191,0.0421,0.00149757
20071231,2007,12,31,0.00528132,0.00448812,0.00532959,0.00623927,-0.0117314,-0.0022663,-0.00693697,0.0019,-0.002,-0.00205607
20080131,2008,1,31,-0.0447393,-0.0289798,-0.0269169,-0.1240734,-0.1094087,-0.0688354,-0.059981,0.0192,0.0352,-0.00168571
20080229,2008,2,29,0.0130898,0.0136285,0.0149749,0.061489,-0.00662784,-0.0380205,-0.032483,0.012,0.0107,0.00863039
20080331,2008,3,31,-0.0284271,-0.0270842,-0.0223693,-0.0421096,-0.0377996,0.00260864,-0.00431947,0.0021,0.0108,0.00874256
20080430,2008,4,30,0.0244537,0.0101452,0.0163104,0.0725829,0.0758022,0.0410047,0.0487019,-0.0105,-0.0239,-0.0035036
20080530,2008,5,30,0.0238192,0.0174458,0.0186971,0.0188036,0.0144454,0.0448211,0.0129536,-0.004,-0.0196,0.00203553
20080630,2008,6,30,-0.0243969,-0.00854289,-0.0132921,-0.0986003,-0.0887228,-0.0783397,-0.0843047,0.0031,0.0083,-0.00424746
20080731,2008,7,31,-0.0284452,-0.0265714,-0.0229123,-0.0501961,-0.0199939,0.0360467,-0.0084077,0.0049,0.0037,-0.00204006
20080829,2008,8,29,-0.0217435,-0.0152798,-0.014394,-0.0480337,0.010463,0.0349605,0.0144659,0.0062,0.0178,0.000743356
20080930,2008,9,30,-0.0814037,-0.0653633,-0.0612723,-0.1236948,-0.1209555,-0.0810277,-0.0891056,0.0096,0.0018,0.00315692
20081031,2008,10,31,-0.094584,-0.0621797,-0.0684206,-0.2229904,-0.155297,-0.2090409,-0.1679506,0.0113,-0.0079,0.0135135
20081128,2008,11,28,-0.0377167,-0.0264124,-0.0266798,-0.0398799,-0.0467371,-0.1197723,-0.0717519,0.0132,0.0904,0.00292237
20081231,2008,12,31,0.00219365,-0.0148871,0.0015172,0.0462338,0.0122936,0.0556072,0.0106421,0.007,0.0629,0.00637407
20090130,2009,1,30,-0.00881064,0.00712313,-0.000900981,-0.0291609,-0.0624836,-0.1119632,-0.0842888,-0.0015,-0.0458,0.000361925
20090227,2009,2,27,-0.0220406,-0.00371405,-0.0121434,-0.0283044,-0.0757682,-0.1229004,-0.106478,-0.0013,-0.0129,-0.00198987
20090331,2009,3,31,0.0290005,0.000271538,0.0165675,0.1047436,0.0385684,0.0867051,0.087598,0.0055,0.0331,-0.0021751
20090430,2009,4,30,0.0544427,0.0105365,0.0360162,0.1220606,0.1159541,0.1533057,0.0957091,-0.0007,-0.0341,-0.00254314
20090529,2009,5,29,0.0637443,0.0332423,0.0514663,0.1252899,0.0544734,0.0287554,0.0559316,0.0015,-0.0272,0.0105627
20090630,2009,6,30,0.00182166,0.00379632,0.00249073,-0.0133863,-0.00307424,0.0133578,0.00198533,-0.0019,-0.0018,-0.00234276
20090731,2009,7,31,0.0320303,0.0153649,0.0249995,0.0991561,0.076668,0.0952821,0.0756334,0.0018,0.0048,0.000903179
20090831,2009,8,31,0.0136725,0.0109429,0.0130025,0.000754046,0.0441942,0.0275907,0.0361035,0.0044,0.0098,-0.00180473
20090930,2009,9,30,0.0321696,0.0173721,0.0278722,0.0631499,0.0217998,0.0563043,0.0373177,0.0022,0.0106,0.00741276
20091030,2009,10,30,-0.00717048,-0.000895391,-0.00202883,-0.00383236,-0.0226743,-0.0686933,-0.0185762,0.0029,-0.0042,0.0028715
20091130,2009,11,30,0.0156628,0.00797738,0.0151629,0.0328639,0.00201769,0.0301366,0.0599822,0.0063,0.018,0.00125268
20091231,2009,12,31,0.0206812,0.00757614,0.0127822,0.0418995,0.055571,0.0787608,0.0193157,-0.0076,-0.049,-0.00339589
20100129,2010,1,29,-0.0127127,-0.00368709,-0.0076107,-0.0437762,-0.0344672,-0.0373367,-0.0359728,0.0077,0.0223,0.00053802
20100226,2010,2,26,0.0091692,0.00130773,0.00659533,-0.00147831,0.00545675,0.0440502,0.0309755,0.0019,0.0047,0.00322638
20100331,2010,3,31,0.0315386,0.0165547,0.0249395,0.0623499,0.0751288,0.0796742,0.060347,-0.0028,-0.0167,0.00714669
20100430,2010,4,30,0.0118975,0.00900145,0.0119076,0.00122686,-0.0118816,0.0559354,0.0157864,0.0028,0.0172,0.00691857
20100531,2010,5,31,-0.0404635,-0.0259557,-0.0289394,-0.0517053,-0.0724294,-0.0767374,-0.0798505,0.0048,0.0317,0.00845666
20100630,2010,6,30,-0.0184535,-0.00885752,-0.0095233,-0.00498878,-0.0280445,-0.0787775,-0.0523486,0.0042,0.0324,-0.00489168
20100730,2010,7,30,0.0235666,0.00770584,0.0161277,0.062359,0.0465005,0.0679256,0.0700606,0.0022,0.0062,0.00649579
20100831,2010,8,31,-0.0137258,0.0012672,-0.00128765,-0.0137967,-0.026537,-0.0750204,-0.04514,0.0021,0.0402,-0.00680272
20100930,2010,9,30,0.0473984,0.0234666,0.0348431,0.0773859,0.0517845,0.1230442,0.0892414,0.0017,-0.0013,0.0105374
20101029,2010,10,29,0.023666,0.0148085,0.0214175,0.0232104,0.018263,0.0402431,0.0380523,0.0021,-0.0059,0.0045186
20101130,2010,11,30,0.00637212,-0.000978431,0.00188373,-0.0106451,-0.00968344,0.033639,0.000126161,-0.0018,-0.0101,-0.00847751
20101231,2010,12,31,0.0352324,0.0220473,0.0294588,0.0447856,0.047779,0.0779081,0.0668318,-0.0016,-0.0403,0.00645612
20110131,2011,1,31,0.00421514,0.00145797,0.00405762,-0.0210037,0.0160202,-0.00306259,0.0237006,0.0016,-0.0038,-0.00710818
20110228,2011,2,28,0.0130066,0.00833981,0.0123098,-0.0138388,0.0236307,0.054016,0.0342589,-0.001,0.0003,-0.0015715
20110331,2011,3,31,0.00499343,-0.000950893,0.00060285,0.0430745,-0.0281938,0.0244095,0.000397579,-0.0007,-0.0003,0.0106681
20110429,2011,4,29,0.0133573,0.0122141,0.0147806,0.00826179,0.0199425,0.025772,0.0296145,0.0048,0.0158,0.017131
20110531,2011,5,31,-0.0128036,-0.0108232,-0.0119961,-0.0155257,-0.0129881,-0.019635,-0.0113195,0.0039,0.0266,-0.00901667
20110630,2011,6,30,-0.0125978,-0.0130077,-0.0117591,-0.0185141,-0.011935,-0.0246021,-0.0166692,0.0007,-0.0065,-0.007897
20110729,2011,7,29,-0.00327117,0.00388397,0.00225312,-0.00890523,-0.0347811,-0.0367403,-0.0203331,0.0024,0.0327,0.00605641
20110831,2011,8,31,-0.0488785,-0.0263699,-0.032148,-0.072919,-0.0869885,-0.0881021,-0.0543241,0.0036,0.0566,-0.0115239
20110930,2011,9,30,-0.0603539,-0.0278845,-0.0389033,-0.0740213,-0.043224,-0.1137161,-0.0702963,-0.0009,0.0279,0.0140943
20111031,2011,10,31,0.0491146,0.0106661,0.0266278,0.090686,0.0619082,0.1504285,0.1092921,0.0001,-0.0197,-0.000343171
20111130,2011,11,30,-0.0197676,-0.00998453,-0.0125928,-0.0384627,-0.0247824,-0.00491188,-0.00220841,0.0004,0.0128,0.00961208
20111230,2011,12,30,-0.00864446,-0.00445544,-0.00412475,-8.24004E-05,0.00539512,0.00474628,0.0102289,0.0004,0.0196,0.00306018
20120131,2012,1,31,0.0384292,0.0193262,0.0263268,0.0743502,0.0391873,0.070048,0.0448137,0.0008,0.0081,0
